firm_code,rri_year,n_events,AnnualRRI_mean,AnnualRRI_median_event,AnnualRRI_min_event,AnnualRRI10,total_questions,event_type
000010,2015,1,57.5,57.5,57.5,5.75,6,Concern
000558,2015,1,66.66666666666667,66.66666666666667,66.66666666666667,6.666666666666667,3,Concern
000567,2015,1,80.83333333333333,80.83333333333333,80.83333333333333,8.083333333333332,6,M&A
000612,2015,1,71.0,71.0,71.0,7.1,3,Concern
000659,2015,1,52.8,52.8,52.8,5.279999999999999,5,Concern
000911,2015,1,56.125,56.125,56.125,5.6125,8,Periodic
000938,2015,1,48.0,48.0,48.0,4.8,8,M&A
000972,2015,1,53.0,53.0,53.0,5.3,6,Periodic
002057,2015,1,41.75,41.75,41.75,4.175,4,M&A
002092,2015,1,70.14285714285714,70.14285714285714,70.14285714285714,7.014285714285714,7,M&A
002110,2015,1,40.0,40.0,40.0,4.0,4,M&A
002137,2015,2,57.09523809523809,57.09523809523809,55.333333333333336,5.709523809523809,10,M&A
002238,2015,1,52.5,52.5,52.5,5.25,4,M&A
002301,2015,1,73.42857142857143,73.42857142857143,73.42857142857143,7.342857142857143,7,M&A
002545,2015,1,100.0,100.0,100.0,10.0,12,M&A
002680,2015,1,66.25,66.25,66.25,6.625,4,M&A
002716,2015,1,88.42857142857143,88.42857142857143,88.42857142857143,8.842857142857143,7,M&A
300058,2015,1,58.27000000000001,58.27000000000001,58.27000000000001,5.827000000000001,9,M&A
300083,2015,1,71.72727272727273,71.72727272727273,71.72727272727273,7.172727272727274,11,M&A
300089,2015,1,69.5175,69.5175,69.5175,6.95175,8,M&A
300099,2015,1,38.84111111111111,38.84111111111111,38.84111111111111,3.8841111111111113,9,M&A
300131,2015,1,75.45454545454545,75.45454545454545,75.45454545454545,7.545454545454545,11,M&A
300182,2015,1,60.90076923076924,60.90076923076924,60.90076923076924,6.090076923076924,13,M&A
300343,2015,1,94.78571429,94.78571429,94.78571429,9.478571429,14,M&A
600061,2015,2,72.42857142857143,72.42857142857143,64.0,7.242857142857143,18,M&A
600073,2015,1,89.83333333,89.83333333,89.83333333,8.983333333000001,24,M&A
600091,2015,1,83.5,83.5,83.5,8.35,4,M&A
600136,2015,1,77.88888888888889,77.88888888888889,77.88888888888889,7.788888888888889,18,Other
600139,2015,1,74.5,74.5,74.5,7.45,4,M&A
600155,2015,1,87.875,87.875,87.875,8.7875,8,M&A
600165,2015,1,76.6923076923077,76.6923076923077,76.6923076923077,7.6692307692307695,13,M&A
600177,2015,1,39.75,39.75,39.75,3.975,4,M&A
600226,2015,1,65.3,65.3,65.3,6.529999999999999,20,Other
600462,2015,1,69.10526315789474,69.10526315789474,69.10526315789474,6.910526315789474,19,M&A
600482,2015,1,68.91666666666667,68.91666666666667,68.91666666666667,6.891666666666668,12,Other
600515,2015,1,73.0475,73.0475,73.0475,7.30475,12,Other
600522,2015,1,81.68421053,81.68421053,81.68421053,8.168421053,19,M&A
600572,2015,1,63.79684210526315,63.79684210526315,63.79684210526315,6.379684210526316,19,M&A
600602,2015,1,70.23529411764706,70.23529411764706,70.23529411764706,7.023529411764706,17,M&A
600614,2015,1,94.1875,94.1875,94.1875,9.41875,16,M&A
600651,2015,1,77.57142857,77.57142857,77.57142857,7.757142857,14,M&A
600736,2015,1,68.543,68.543,68.543,6.8543,10,Other
600739,2015,1,73.5,73.5,73.5,7.35,2,M&A
600754,2015,1,97.5,97.5,97.5,9.75,6,M&A
600828,2015,1,71.0,71.0,71.0,7.1,13,M&A
600879,2015,1,96.2,96.2,96.2,9.62,10,M&A
601727,2015,1,76.5,76.5,76.5,7.65,4,M&A
601877,2015,1,68.3157894736842,68.3157894736842,68.3157894736842,6.8315789473684205,19,M&A
601919,2015,1,69.85666666666667,69.85666666666667,69.85666666666667,6.985666666666667,6,M&A
603111,2015,1,80.47368421,80.47368421,80.47368421,8.047368421,19,Other
000007,2016,1,55.875,55.875,55.875,5.5875,8,Concern
000034,2016,1,65.0,65.0,65.0,6.5,4,M&A
000504,2016,1,69.33333333333333,69.33333333333333,69.33333333333333,6.933333333333333,3,Concern
000517,2016,1,64.25,64.25,64.25,6.425,4,Periodic
000565,2016,1,34.38461538461539,34.38461538461539,34.38461538461539,3.4384615384615387,13,M&A
000657,2016,1,99.53333333,99.53333333,99.53333333,9.953333333,15,M&A
000760,2016,1,84.5,84.5,84.5,8.45,12,Periodic
000813,2016,1,21.928571428571427,21.928571428571427,21.928571428571427,2.1928571428571426,14,M&A
000815,2016,1,73.0,73.0,73.0,7.3,2,Concern
000818,2016,1,48.6425,48.6425,48.6425,4.86425,4,Concern
000892,2016,1,20.0,20.0,20.0,2.0,9,M&A
002012,2016,1,67.51,67.51,67.51,6.751,7,Concern
002138,2016,1,86.0,86.0,86.0,8.6,1,Concern
002464,2016,1,65.89473684210526,65.89473684210526,65.89473684210526,6.589473684210526,19,M&A
002502,2016,1,63.82125,63.82125,63.82125,6.382125,8,M&A
002505,2016,1,47.66666666666666,47.66666666666666,47.66666666666666,4.766666666666666,6,Concern
002544,2016,1,68.58333333333333,68.58333333333333,68.58333333333333,6.8583333333333325,12,M&A
002610,2016,1,79.58333333333333,79.58333333333333,79.58333333333333,7.958333333333333,12,M&A
002685,2016,1,25.214285714285715,25.214285714285715,25.214285714285715,2.521428571428572,14,M&A
300028,2016,1,58.57142857,58.57142857,58.57142857,5.857142857,7,Periodic
300143,2016,1,81.0,81.0,81.0,8.1,6,M&A
300280,2016,1,66.0,66.0,66.0,6.6,2,Periodic
300355,2016,1,69.0,69.0,69.0,6.9,7,M&A
300410,2016,1,72.23363636363636,72.23363636363636,72.23363636363636,7.223363636363636,11,M&A
300496,2016,1,75.91857142857144,75.91857142857144,75.91857142857144,7.591857142857144,7,Periodic
600111,2016,1,66.2,66.2,66.2,6.62,10,Periodic
600113,2016,1,71.6923076923077,71.6923076923077,71.6923076923077,7.1692307692307695,13,Other
600120,2016,1,55.16666666666666,55.16666666666666,55.16666666666666,5.516666666666666,12,M&A
600175,2016,1,47.07142857142857,47.07142857142857,47.07142857142857,4.707142857142857,14,Periodic
600209,2016,1,22.764705882352946,22.764705882352946,22.764705882352946,2.2764705882352945,17,Other
600226,2016,1,60.22222222222222,60.22222222222222,60.22222222222222,6.022222222222222,9,Periodic
600237,2016,1,100.0,100.0,100.0,10.0,18,M&A
600446,2016,1,62.5,62.5,62.5,6.25,12,Periodic
600452,2016,1,83.57124999999999,83.57124999999999,83.57124999999999,8.357125,8,M&A
600462,2016,1,67.473125,67.473125,67.473125,6.7473125,16,Other
600468,2016,1,96.14285714,96.14285714,96.14285714,9.614285714,7,M&A
600485,2016,1,61.333333333333336,61.333333333333336,61.333333333333336,6.133333333333334,15,Periodic
600507,2016,1,58.95928571428571,58.95928571428571,58.95928571428571,5.895928571428572,14,Periodic
600538,2016,1,23.0,23.0,23.0,2.3,22,M&A
600556,2016,1,53.58142857142857,53.58142857142857,53.58142857142857,5.358142857142857,14,Periodic
600653,2016,1,70.58333333333333,70.58333333333333,70.58333333333333,7.058333333333333,24,Other
600759,2016,2,56.78596618357488,56.78596618357488,55.888888888888886,5.678596618357488,32,Mixed
600764,2016,1,67.82642857142856,67.82642857142856,67.82642857142856,6.782642857142856,14,M&A
600873,2016,1,78.0,78.0,78.0,7.8,6,Periodic
601117,2016,1,59.22222222222222,59.22222222222222,59.22222222222222,5.922222222222223,9,Periodic
601789,2016,1,74.53333333333333,74.53333333333333,74.53333333333333,7.453333333333333,15,M&A
000025,2017,1,38.0,38.0,38.0,3.8,5,Periodic
000038,2017,1,44.2,44.2,44.2,4.42,5,Concern
000403,2017,1,55.870000000000005,55.870000000000005,55.870000000000005,5.587000000000001,11,Periodic
000504,2017,1,57.333333333333336,57.333333333333336,57.333333333333336,5.733333333333333,3,M&A
000511,2017,1,52.66666666666666,52.66666666666666,52.66666666666666,5.266666666666666,3,Concern
000518,2017,1,43.0,43.0,43.0,4.3,4,Concern
000609,2017,1,72.66666666666667,72.66666666666667,72.66666666666667,7.2666666666666675,3,Concern
000659,2017,1,56.2,56.2,56.2,5.62,5,Periodic
000692,2017,1,38.0,38.0,38.0,3.8,4,Concern
000717,2017,1,77.33333333333333,77.33333333333333,77.33333333333333,7.733333333333332,6,Periodic
000862,2017,1,27.8,27.8,27.8,2.78,10,M&A
000903,2017,1,73.0,73.0,73.0,7.3,3,Concern
000972,2017,1,48.6,48.6,48.6,4.86,5,Periodic
002168,2017,1,58.53333333333333,58.53333333333333,58.53333333333333,5.8533333333333335,15,Periodic
002290,2017,1,58.71428571428572,58.71428571428572,58.71428571428572,5.871428571428572,7,Periodic
002434,2017,1,72.46416666666666,72.46416666666666,72.46416666666666,7.246416666666666,12,M&A
002502,2017,1,57.66666666666666,57.66666666666666,57.66666666666666,5.766666666666666,6,Concern
002510,2017,1,29.571428571428573,29.571428571428573,29.571428571428573,2.9571428571428573,7,M&A
002591,2017,1,44.8,44.8,44.8,4.48,10,Concern
002623,2017,1,25.0,25.0,25.0,2.5,4,Concern
002707,2017,1,66.5,66.5,66.5,6.65,4,M&A
002783,2017,1,75.0,75.0,75.0,7.5,5,Concern
002816,2017,1,72.06666666666666,72.06666666666666,72.06666666666666,7.206666666666666,15,M&A
300169,2017,1,70.6,70.6,70.6,7.06,10,Periodic
300323,2017,1,21.11111111111111,21.11111111111111,21.11111111111111,2.111111111111111,18,M&A
600123,2017,1,72.45454545454545,72.45454545454545,72.45454545454545,7.245454545454545,11,Other
600127,2017,1,72.71428571428571,72.71428571428571,72.71428571428571,7.27142857142857,7,Other
600151,2017,1,37.75,37.75,37.75,3.775,8,M&A
600152,2017,1,91.0,91.0,91.0,9.1,3,M&A
600329,2017,1,92.85714286,92.85714286,92.85714286,9.285714286,14,Other
600358,2017,1,70.11111111111111,70.11111111111111,70.11111111111111,7.011111111111111,9,M&A
600385,2017,1,60.0,60.0,60.0,6.0,6,Other
600468,2017,1,58.6425,58.6425,58.6425,5.86425,4,Other
600485,2017,1,63.0,63.0,63.0,6.3,4,Other
600516,2017,1,41.5,41.5,41.5,4.15,4,Other
600527,2017,1,68.75,68.75,68.75,6.875,8,Other
600577,2017,1,39.66666666666666,39.66666666666666,39.66666666666666,3.966666666666666,3,Other
600599,2017,1,62.0,62.0,62.0,6.2,3,Other
600696,2017,1,52.8,52.8,52.8,5.279999999999999,5,Other
600725,2017,1,20.0,20.0,20.0,2.0,4,M&A
600738,2017,1,66.25,66.25,66.25,6.625,4,Other
600778,2017,1,20.0,20.0,20.0,2.0,5,Other
600792,2017,1,75.33333333333333,75.33333333333333,75.33333333333333,7.533333333333333,9,Other
600890,2017,1,96.5,96.5,96.5,9.65,4,M&A
601212,2017,1,100.0,100.0,100.0,10.0,10,M&A
601258,2017,1,77.75,77.75,77.75,7.775,4,Other
601789,2017,1,30.25,30.25,30.25,3.025,4,Other
601919,2017,1,70.16666666666667,70.16666666666667,70.16666666666667,7.016666666666668,6,M&A
603010,2017,1,69.94444444444444,69.94444444444444,69.94444444444444,6.9944444444444445,18,M&A
603558,2017,1,36.0,36.0,36.0,3.6,5,M&A
603559,2017,1,50.0,50.0,50.0,5.0,2,Other
603588,2017,1,58.25,58.25,58.25,5.825,4,Other
000150,2018,1,66.2,66.2,66.2,6.62,5,Concern
000606,2018,1,66.0,66.0,66.0,6.6,1,Concern
000703,2018,1,77.375,77.375,77.375,7.7375,16,M&A
000800,2018,1,67.14285714285714,67.14285714285714,67.14285714285714,6.7142857142857135,7,Periodic
002199,2018,1,72.42857142857143,72.42857142857143,72.42857142857143,7.242857142857143,7,Concern
002390,2018,1,26.666666666666668,26.666666666666668,26.666666666666668,2.666666666666667,3,Concern
002437,2018,1,76.75,76.75,76.75,7.675,4,Concern
002509,2018,1,72.0,72.0,72.0,7.2,3,Concern
002552,2018,1,29.55555555555556,29.55555555555556,29.55555555555556,2.955555555555556,9,Periodic
002604,2018,1,40.0,40.0,40.0,4.0,7,Concern
002606,2018,1,69.2,69.2,69.2,6.92,10,Periodic
300065,2018,1,46.5,46.5,46.5,4.65,2,Other
300096,2018,1,65.58333333333333,65.58333333333333,65.58333333333333,6.558333333333333,12,Periodic
300392,2018,1,73.0,73.0,73.0,7.3,2,Concern
600175,2018,1,73.6,73.6,73.6,7.359999999999999,5,M&A
600238,2018,1,80.0,80.0,80.0,8.0,3,Other
600527,2018,1,33.333333333333336,33.333333333333336,33.333333333333336,3.333333333333333,3,Other
600687,2018,1,56.5,56.5,56.5,5.65,4,Other
600751,2018,1,45.833333333333336,45.833333333333336,45.833333333333336,4.583333333333334,6,Other
600828,2018,1,66.66666666666667,66.66666666666667,66.66666666666667,6.666666666666667,3,Other
600870,2018,1,68.83333333333333,68.83333333333333,68.83333333333333,6.883333333333333,6,Other
601969,2018,1,64.5,64.5,64.5,6.45,12,Other
603063,2018,1,65.2,65.2,65.2,6.5200000000000005,5,Other
603703,2018,1,88.66666666666667,88.66666666666667,88.66666666666667,8.866666666666667,6,M&A
603877,2018,1,70.0,70.0,70.0,7.0,5,Other
603986,2018,1,63.30235294117648,63.30235294117648,63.30235294117648,6.330235294117648,17,M&A
000571,2019,1,75.28571428571429,75.28571428571429,75.28571428571429,7.528571428571429,14,Periodic
300124,2019,1,64.66666666666667,64.66666666666667,64.66666666666667,6.466666666666667,3,M&A
300153,2019,1,73.5,73.5,73.5,7.35,2,Concern
300163,2019,1,53.0,53.0,53.0,5.3,5,Concern
300731,2019,1,74.0,74.0,74.0,7.4,4,Other
600162,2019,1,52.0,52.0,52.0,5.2,4,Other
600271,2019,1,69.75,69.75,69.75,6.975,4,Other
600326,2019,1,67.6923076923077,67.6923076923077,67.6923076923077,6.769230769230769,13,Other
600682,2019,1,66.66666666666667,66.66666666666667,66.66666666666667,6.666666666666667,9,M&A
603789,2019,1,69.36363636363636,69.36363636363636,69.36363636363636,6.936363636363636,11,Other
000727,2020,1,72.44444444444444,72.44444444444444,72.44444444444444,7.2444444444444445,9,M&A
002280,2020,1,53.8,53.8,53.8,5.38,5,Concern
002438,2020,1,76.5,76.5,76.5,7.65,4,Concern
300004,2020,1,65.2,65.2,65.2,6.5200000000000005,5,Periodic
300318,2020,1,68.16666666666667,68.16666666666667,68.16666666666667,6.816666666666667,12,Periodic
600121,2020,1,67.5,67.5,67.5,6.75,10,Other
600360,2020,1,67.6,67.6,67.6,6.76,10,Other
600408,2020,1,77.95222222222222,77.95222222222222,77.95222222222222,7.795222222222222,9,Other
600684,2020,1,71.42857142857143,71.42857142857143,71.42857142857143,7.142857142857143,7,Other
000762,2021,1,52.75,52.75,52.75,5.275,4,Concern
000868,2021,1,67.14285714285714,67.14285714285714,67.14285714285714,6.7142857142857135,7,Periodic
002770,2021,1,42.25,42.25,42.25,4.225,4,Concern
300140,2021,1,68.57142857142857,68.57142857142857,68.57142857142857,6.857142857142857,7,Periodic
300393,2021,1,59.5,59.5,59.5,5.95,4,Concern
600145,2021,1,42.0,42.0,42.0,4.2,6,Other
600389,2021,1,98.0,98.0,98.0,9.8,3,Other
601567,2021,1,78.0,78.0,78.0,7.8,8,M&A
603843,2021,1,77.66666666666667,77.66666666666667,77.66666666666667,7.7666666666666675,6,M&A
688551,2021,1,70.02799999999999,70.02799999999999,70.02799999999999,7.002799999999999,5,Other
002207,2022,1,69.0,69.0,69.0,6.9,3,Concern
002229,2022,1,56.5,56.5,56.5,5.65,2,Concern
002665,2022,1,70.25,70.25,70.25,7.025,8,Periodic
002995,2022,1,67.5,67.5,67.5,6.75,6,Concern
300261,2022,1,69.0,69.0,69.0,6.9,6,Concern
600211,2022,1,62.6,62.6,62.6,6.26,5,Other
600397,2022,1,72.5,72.5,72.5,7.25,2,Other
600599,2022,1,82.0,82.0,82.0,8.2,3,Other
601028,2022,1,82.6,82.6,82.6,8.26,5,M&A
601666,2022,1,42.66666666666666,42.66666666666666,42.66666666666666,4.266666666666666,3,Other
002229,2023,1,37.25,37.25,37.25,3.725,4,Concern
002315,2023,1,68.314,68.314,68.314,6.8314,5,Concern
300322,2023,1,79.42857142857143,79.42857142857143,79.42857142857143,7.942857142857143,7,Periodic
301206,2023,1,83.42857142857143,83.42857142857143,83.42857142857143,8.342857142857143,7,Periodic
301313,2023,1,66.4,66.4,66.4,6.640000000000001,5,Periodic
600242,2023,2,60.160714285714285,60.160714285714285,46.57142857142857,6.016071428571428,11,Other
600246,2023,1,76.5,76.5,76.5,7.65,2,Other
600593,2023,1,70.0,70.0,70.0,7.0,2,Periodic
603685,2023,1,79.75,79.75,79.75,7.975,4,Other
002253,2024,1,72.66666666666667,72.66666666666667,72.66666666666667,7.2666666666666675,6,Periodic
002951,2024,1,46.0,46.0,46.0,4.6,4,Concern
300260,2024,1,66.22222222222223,66.22222222222223,66.22222222222223,6.622222222222223,9,Periodic
300585,2024,1,65.77777777777777,65.77777777777777,65.77777777777777,6.5777777777777775,9,Periodic
300849,2024,1,74.75,74.75,74.75,7.475,8,Periodic
603051,2024,1,35.6,35.6,35.6,3.56,5,Other
603261,2024,1,75.58333333333333,75.58333333333333,75.58333333333333,7.558333333333333,12,Periodic
603300,2024,1,75.0,75.0,75.0,7.5,3,Other
603958,2024,1,74.44444444444444,74.44444444444444,74.44444444444444,7.444444444444445,9,M&A
688102,2024,1,79.66666666666667,79.66666666666667,79.66666666666667,7.966666666666667,3,Other
